Origin City,Origin State,Destination City,Destination State,Distance (km),Duration (s),Start Coordinates,End Coordinates
Atlanta,Georgia,Pendergrass,GA,93.217,3430,"33.748444,-84.3876568","34.1623994,-83.6778963"
Bolingbrook,IL,Atlanta,Georgia,1173.587,39337,"41.69864219999999,-88.068366","33.7483341,-84.3876896"
Atlanta,Georgia,Dalton,GA,143.899,5094,"33.748444,-84.3876568","34.7698038,-84.9702951"
Atlanta,Georgia,McDonough,GA,48.425,2079,"33.748444,-84.3876568","33.4473981,-84.14723289999999"
Atlanta,Georgia,Douglasville,GA,35.828,1616,"33.748444,-84.3876568","33.7515538,-84.7477474"
Denver,CO,Atlanta,Georgia,2256.981,73361,"39.7411913,-104.9879949","33.7483341,-84.3876896"
Atlanta,Georgia,College Park,GA,14.724,829,"33.748444,-84.3876568","33.653393,-84.44936659999999"
McDonough,GA,Atlanta,Georgia,48.033,2076,"33.4473412,-84.147234","33.7483341,-84.3876896"
Atlanta,Georgia,Norcross,GA,32.263,1526,"33.748444,-84.3876568","33.9411189,-84.21375379999999"
Chicago,IL,Atlanta,Georgia,1154.059,38894,"41.878114,-87.6297778","33.7483341,-84.3876896"
Atlanta,Georgia,Griffin,GA,72.677,3128,"33.748444,-84.3876568","33.2467788,-84.2639458"
Dundee,FL,Atlanta,Georgia,754.23,24682,"28.0223308,-81.61924359999999","33.7483341,-84.3876896"
Atlanta,Georgia,Rome,GA,113.077,4480,"33.748444,-84.3876568","34.2570116,-85.1648038"
Plano,IL,Atlanta,Georgia,1182.507,40811,"41.6627471,-88.53699610000001","33.7483341,-84.3876896"
Atlanta,Georgia,Forest Park,GA,19.02,930,"33.748444,-84.3876568","33.6220442,-84.3690584"
Cincinnati,OH,Atlanta,Georgia,741.244,24487,"39.1031421,-84.511817","33.7483341,-84.3876896"
Atlanta,Georgia,Lithonia,GA,29.942,1393,"33.748444,-84.3876568","33.7124192,-84.105312"
Lemont,IL,Atlanta,Georgia,1169.137,39163,"41.6736352,-88.00172409999999","33.7483341,-84.3876896"
Atlanta,Georgia,Conyers,GA,39.153,1653,"33.748444,-84.3876568","33.6677207,-84.01752239999999"
Cocoa,FL,Atlanta,Georgia,776.893,24758,"28.3861371,-80.7420988","33.7483341,-84.3876896"
Atlanta,Georgia,Warner Robins,GA,164.132,5913,"33.748444,-84.3876568","32.6130011,-83.62414389999999"
Plainfield,IL,Atlanta,Georgia,1188.631,39931,"41.6322244,-88.2117586","33.7483341,-84.3876896"
Atlanta,Georgia,MacOn,GA,134.96,4680,"33.748444,-84.3876568","32.8406964,-83.63239879999999"
Atlanta,Georgia,Cartersville,GA,69.777,2764,"33.748444,-84.3876568","34.1652971,-84.7999315"
Baldwinsville,NY,Atlanta,Georgia,1571.246,53138,"43.158673,-76.3327075","33.7483341,-84.3876896"
Atlanta,Georgia,Rockmart,GA,75.254,3542,"33.748444,-84.3876568","34.0026921,-85.0416108"
Enid,OK,Atlanta,Georgia,1445.471,47515,"36.3955899,-97.8783777","33.7483341,-84.3876896"
Downingtown,PA,Atlanta,Georgia,1226.641,42334,"40.0064972,-75.7032603","33.7483341,-84.3876896"
Atlanta,Georgia,Union City,GA,27.998,1393,"33.748444,-84.3876568","33.586784,-84.54244159999999"
Scranton,SC,Atlanta,Georgia,482.56,16364,"33.9173149,-79.7438598","33.7483341,-84.3876896"
Atlanta,Georgia,Carrollton,GA,80.232,3196,"33.748444,-84.3876568","33.5802287,-85.0765936"
Bremen,IN,Atlanta,Georgia,1072.027,36187,"41.4464399,-86.14803780000001","33.7483341,-84.3876896"
GRANTSVILLE,UT,Atlanta,Georgia,3071.434,100577,"40.5998945,-112.4643992","33.7483341,-84.3876896"
Hodgkins,IL,Atlanta,Georgia,1155.162,38626,"41.7688389,-87.85783169999999","33.7483341,-84.3876896"
Atlanta,Georgia,Lithia Springs,GA,28.97,1328,"33.748444,-84.3876568","33.7941201,-84.6605532"
Greeneville,TN,Atlanta,Georgia,454.539,15213,"36.1631402,-82.8309415","33.7483341,-84.3876896"
Atlanta,Georgia,Palmetto,GA,43.68,1773,"33.748444,-84.3876568","33.5178262,-84.6697034"
Murray,UT,Atlanta,Georgia,3018.005,98871,"40.6669521,-111.8879927","33.7483341,-84.3876896"
Fountain Inn,SC,Atlanta,Georgia,243.652,9013,"34.6889922,-82.19569600000001","33.7483341,-84.3876896"
Lancaster,CA,Atlanta,Georgia,3469.801,112757,"34.6866106,-118.1546674","33.7483341,-84.3876896"
Channahon,IL,Atlanta,Georgia,1158.696,38770,"41.4295103,-88.2287178","33.7483341,-84.3876896"
Atlanta,Georgia,Lawrenceville,GA,51.337,2118,"33.748444,-84.3876568","33.956365,-83.9880011"
Carlisle,PA,Atlanta,Georgia,1114.89,37563,"40.2010196,-77.2002224","33.7483341,-84.3876896"
Carrollton,TX,Atlanta,Georgia,1278.255,42015,"32.9756414,-96.8899443","33.7483341,-84.3876896"
Largo,FL,Atlanta,Georgia,769.046,25004,"27.9093328,-82.7873264","33.7483341,-84.3876896"
Atlanta,Georgia,Madison,GA,95.265,3476,"33.748444,-84.3876568","33.5956753,-83.4679349"
Knob Noster,MO,Atlanta,Georgia,1216.946,40542,"38.7667402,-93.55866429999999","33.7483341,-84.3876896"
Lakeland,FL,Atlanta,Georgia,720.514,24216,"28.0396657,-81.9498371","33.7483341,-84.3876896"
Jonesville,SC,Atlanta,Georgia,310.865,11223,"34.8359882,-81.6808521","33.7483341,-84.3876896"
Lafayette,IN,Atlanta,Georgia,958.904,32207,"40.4169061,-86.874982","33.7483341,-84.3876896"
Atlanta,Georgia,Newnan,GA,60.88,2398,"33.748444,-84.3876568","33.3804915,-84.79969779999999"
Monrovia,MD,Atlanta,Georgia,1058.196,36373,"39.3722297,-77.2709911","33.7483341,-84.3876896"
Atlanta,Georgia,Roswell,GA,35.86,1703,"33.748444,-84.3876568","34.0232431,-84.3615586"
Atlanta,Georgia,Suwanee,GA,54.48,2216,"33.748444,-84.3876568","34.0511573,-84.0710446"
London,KY,Atlanta,Georgia,494.565,16557,"37.1290104,-84.08320379999999","33.7483341,-84.3876896"
CAROL STREAM,IL,Atlanta,Georgia,1194.26,40226,"41.9124626,-88.1347916","33.7483341,-84.3876896"
Atlanta,Georgia,Monroe,GA,73.773,3416,"33.748444,-84.3876568","33.7948394,-83.71320709999999"
McCook,IL,Atlanta,Georgia,1160.908,38829,"41.7949028,-87.837126","33.7483341,-84.3876896"
Brooksville,FL,Atlanta,Georgia,678.464,21712,"28.5552721,-82.3878616","33.7483341,-84.3876896"
Elloree,SC,Atlanta,Georgia,392.555,14025,"33.5309951,-80.5720288","33.7483341,-84.3876896"
Grand Prairie,TX,Atlanta,Georgia,1277.728,41681,"32.7457398,-96.99776229999999","33.7483341,-84.3876896"
Gas City,IN,Atlanta,Georgia,975.734,32521,"40.4872619,-85.6130886","33.7483341,-84.3876896"
Greensboro,NC,Atlanta,Georgia,533.373,18191,"36.0725643,-79.7919824","33.7483341,-84.3876896"
Atlanta,Georgia,Jefferson,GA,97.861,3666,"33.748444,-84.3876568","34.1170938,-83.5723896"
Groveland,FL,Atlanta,Georgia,667.93,21516,"28.5581747,-81.8511521","33.7483341,-84.3876896"
Fort Myers,FL,Atlanta,Georgia,924.457,29651,"26.6405448,-81.8723615","33.7483341,-84.3876896"
Fort Pierce,FL,Atlanta,Georgia,878.046,28136,"27.4467027,-80.3256997","33.7483341,-84.3876896"
Fort Wayne,IN,Atlanta,Georgia,1052.939,35193,"41.0793345,-85.1393679","33.7483341,-84.3876896"
Pembroke Pines,FL,Atlanta,Georgia,1045.661,33308,"26.0077612,-80.2963122","33.7483341,-84.3876896"
Atlanta,Georgia,Gainesville,GA,87.613,3337,"33.748444,-84.3876568","34.297884,-83.8240575"
Frederick,MD,Atlanta,Georgia,1042.468,35994,"39.414114,-77.4105532","33.7483341,-84.3876896"
Indianapolis,IN,Atlanta,Georgia,857.771,28684,"39.7679564,-86.1580324","33.7483341,-84.3876896"
Rome,GA,Atlanta,Georgia,112.239,4476,"34.2570116,-85.1648038","33.7483341,-84.3876896"
Atlanta,Georgia,Stone Mountain,GA,32.157,1717,"33.748444,-84.3876568","33.8081709,-84.17019780000001"
Riviera Beach,FL,Atlanta,Georgia,954.945,30375,"26.7754806,-80.0580903","33.7483341,-84.3876896"
Jacksonville,FL,Atlanta,Georgia,556.37,17935,"30.332119,-81.65562849999999","33.7483341,-84.3876896"
Atlanta,Georgia,Smyrna,GA,25.641,1339,"33.748444,-84.3876568","33.8839952,-84.51436620000001"
Indianola,MS,Atlanta,Georgia,642.733,22564,"33.4509147,-90.655103","33.7483341,-84.3876896"
Atlanta,Georgia,Marietta,GA,32.955,1602,"33.748444,-84.3876568","33.9526042,-84.55018729999999"
Harahan,LA,Atlanta,Georgia,769.46,25067,"29.9405229,-90.20318119999999","33.7483341,-84.3876896"
Decatur,IL,Atlanta,Georgia,965.145,32860,"39.8403336,-88.95480049999999","33.7483341,-84.3876896"
Dallas,TX,Atlanta,Georgia,1257.69,41014,"32.7759428,-96.7967532","33.7483341,-84.3876896"
Crossville,TN,Atlanta,Georgia,326.475,11634,"35.9489556,-85.02690369999999","33.7483341,-84.3876896"
De Kalb,IL,Atlanta,Georgia,1264.402,41372,"41.92950769999999,-88.7499304","33.7483341,-84.3876896"
Bloomingdale,GA,Atlanta,Georgia,381.069,12450,"32.1322732,-81.2990736","33.7483341,-84.3876896"
Atlanta,Georgia,Villa Rica,GA,52.974,2060,"33.748444,-84.3876568","33.7320887,-84.919055"
Aurora,IL,Atlanta,Georgia,1206.163,40526,"41.7605376,-88.3201101","33.7483341,-84.3876896"
Atlanta,Georgia,Atlanta,GA,0.0,0,"33.7485911,-84.3882836","33.7485911,-84.3882836"
Atlanta,GA,Atlanta,Georgia,0.0,0,"33.7485911,-84.3882836","33.7485911,-84.3882836"
Bartonville,IL,Atlanta,Georgia,1113.124,36858,"40.6503156,-89.6520326","33.7483341,-84.3876896"
Baltimore,MD,Atlanta,Georgia,1101.697,37147,"39.2904039,-76.61218629999999","33.7483341,-84.3876896"
Atlanta,Georgia,Austell,GA,27.801,1355,"33.748444,-84.3876568","33.8125577,-84.6345308"
Austell,GA,Atlanta,Georgia,28.219,1581,"33.8125577,-84.6345308","33.7483341,-84.3876896"
Arcadia,FL,Atlanta,Georgia,863.993,28030,"27.2158085,-81.8583869","33.7483341,-84.3876896"
Avon Park,FL,Atlanta,Georgia,804.586,26919,"27.595866,-81.5061862","33.7483341,-84.3876896"
Kentwood,MI,Atlanta,Georgia,1268.897,42574,"42.8693305,-85.64475399999999","33.7483341,-84.3876896"
Atlanta,Georgia,Kennesaw,GA,43.585,1927,"33.748444,-84.3876568","34.0234732,-84.6154902"
Kennesaw,GA,Atlanta,Georgia,43.123,1884,"34.0234732,-84.6154902","33.7483341,-84.3876896"
Kent,WA,Atlanta,Georgia,4237.018,140820,"47.3830609,-122.2347804","33.7483341,-84.3876896"
Kenosha,WI,Atlanta,Georgia,1265.226,42619,"42.5847585,-87.8211889","33.7483341,-84.3876896"
Atlanta,Georgia,Peachtree City,GA,50.415,2275,"33.748444,-84.3876568","33.3968588,-84.5963489"
LIBERTYVILLE,IL,Atlanta,Georgia,1221.43,41000,"42.2830805,-87.953114","33.7483341,-84.3876896"
Atlanta,Georgia,Dacula,GA,60.186,2395,"33.748444,-84.3876568","33.98870369999999,-83.89796059999999"
Arcola,IL,Atlanta,Georgia,944.492,31040,"39.6847676,-88.3065819","33.7483341,-84.3876896"
Atlanta,Georgia,Valley,AL,135.958,4707,"33.748444,-84.3876568","32.818627,-85.179384"
La Crosse,WI,Atlanta,Georgia,1609.903,52561,"43.8137751,-91.25190169999999","33.7483341,-84.3876896"
Atlanta,Georgia,Buford,GA,62.033,2553,"33.748444,-84.3876568","34.1206655,-84.00435879999999"
Archbold,OH,Atlanta,Georgia,1042.73,35600,"41.52155920000001,-84.3071726","33.7483341,-84.3876896"
Kirksville,MO,Atlanta,Georgia,1218.204,40882,"40.1947018,-92.5832492","33.7483341,-84.3876896"
Kissimmee,FL,Atlanta,Georgia,723.952,23465,"28.2920117,-81.4076381","33.7483341,-84.3876896"
Kingston Springs,TN,Atlanta,Georgia,433.641,14694,"36.1021323,-87.11498929999999","33.7483341,-84.3876896"
King George,VA,Atlanta,Georgia,954.542,32106,"38.2664991,-77.18074159999999","33.7483341,-84.3876896"
Atlanta,Georgia,Powder Springs,GA,34.679,1696,"33.748444,-84.3876568","33.8595614,-84.6838235"
King William,VA,Atlanta,Georgia,908.997,30714,"37.6871358,-77.01369749999999","33.7483341,-84.3876896"
Knoxville,TN,Atlanta,Georgia,343.684,11374,"35.9606228,-83.9207782","33.7483341,-84.3876896"
Atlanta,Georgia,La Grange,GA,107.826,3943,"33.748444,-84.3876568","33.0362454,-85.03223559999999"
Johnson City,TN,Atlanta,Georgia,412.827,15431,"36.3136491,-82.3536616","33.7483341,-84.3876896"
Atlanta,Georgia,Oakwood,GA,77.118,2873,"33.748444,-84.3876568","34.2275907,-83.8843615"
Jeffersonville,IN,Atlanta,Georgia,679.214,22694,"38.2772703,-85.7378064","33.7483341,-84.3876896"
Atlanta,Georgia,Lavonia,GA,150.274,5257,"33.748444,-84.3876568","34.4359983,-83.1068544"
Joliet,IL,Atlanta,Georgia,1164.104,38968,"41.5254469,-88.08227029999999","33.7483341,-84.3876896"
Johnstown,CO,Atlanta,Georgia,2312.333,74984,"40.3369228,-104.9125093","33.7483341,-84.3876896"
Atlanta,Georgia,Tucker,GA,31.659,1418,"33.748444,-84.3876568","33.8545869,-84.2173025"
Johnstown,NY,Atlanta,Georgia,1637.896,55917,"43.0065902,-74.3676155","33.7483341,-84.3876896"
Ashland,OH,Atlanta,Georgia,1044.444,34577,"40.8687093,-82.3182169","33.7483341,-84.3876896"
Atlanta,Georgia,Morrow,GA,24.301,1059,"33.748444,-84.3876568","33.5831755,-84.3394179"
Ashland,VA,Atlanta,Georgia,883.985,29545,"37.7588454,-77.47996599999999","33.7483341,-84.3876896"
Arlington,TX,Atlanta,Georgia,1292.305,42194,"32.7356093,-97.1080691","33.7483341,-84.3876896"
Atlanta,Georgia,Winder,GA,80.518,3410,"33.748444,-84.3876568","33.9925092,-83.7200196"
Kansas City,MO,Atlanta,Georgia,1286.538,42503,"39.1004873,-94.5799495","33.7483341,-84.3876896"
Jupiter,FL,Atlanta,Georgia,936.908,29730,"26.9342582,-80.0942098","33.7483341,-84.3876896"
Joplin,MO,Atlanta,Georgia,1178.819,41301,"37.0842449,-94.513284","33.7483341,-84.3876896"
Lithia Springs,GA,Atlanta,Georgia,29.084,1439,"33.7941201,-84.6605532","33.7483341,-84.3876896"
Anderson,SC,Atlanta,Georgia,195.155,7190,"34.5034717,-82.65014409999999","33.7483341,-84.3876896"
Atlanta,Georgia,MARBLE HILL,GA,96.846,3588,"33.748444,-84.3876568","34.4305652,-84.3375641"
Lithonia,GA,Atlanta,Georgia,29.709,1318,"33.7124192,-84.105312","33.7483341,-84.3876896"
Atlanta,Georgia,Summerville,GA,143.416,5547,"33.748444,-84.3876568","34.4805885,-85.34777179999999"
Lewiston,ME,Atlanta,Georgia,1948.088,66317,"44.1003779,-70.2147841","33.7483341,-84.3876896"
Leominster,MA,Atlanta,Georgia,1712.313,58504,"42.52507809999999,-71.75993989999999","33.7483341,-84.3876896"
Atlanta,Georgia,Social Circle,GA,71.845,2666,"33.748444,-84.3876568","33.6563222,-83.7184137"
Leola,PA,Atlanta,Georgia,1217.326,41301,"40.08762189999999,-76.1874279","33.7483341,-84.3876896"
Annapolis,MD,Atlanta,Georgia,1084.636,36450,"38.9784529,-76.4922775","33.7483341,-84.3876896"
Lexington,SC,Atlanta,Georgia,323.545,10673,"33.9814646,-81.2363826","33.7483341,-84.3876896"
Atlanta,Georgia,Shady Dale,GA,95.664,3623,"33.748444,-84.3876568","33.4006268,-83.5902253"
Louisburg,NC,Atlanta,Georgia,677.126,23516,"36.0989826,-78.3009821","33.7483341,-84.3876896"
Anderson,IN,Atlanta,Georgia,919.817,30828,"40.1051119,-85.6802536","33.7483341,-84.3876896"
Louisville,KY,Atlanta,Georgia,675.538,22607,"38.2527399,-85.7584451","33.7483341,-84.3876896"
Lockport,IL,Atlanta,Georgia,1163.388,38997,"41.5894663,-88.05784129999999","33.7483341,-84.3876896"
Lancaster,PA,Atlanta,Georgia,1209.721,41095,"40.0379184,-76.3055474","33.7483341,-84.3876896"
Lancaster,TX,Atlanta,Georgia,1259.068,41098,"32.5921001,-96.7560692","33.7483341,-84.3876896"
Lakewood,NJ,Atlanta,Georgia,1349.537,45954,"40.0821924,-74.2098042","33.7483341,-84.3876896"
Appleton,WI,Atlanta,Georgia,1471.999,49128,"44.2618721,-88.4153839","33.7483341,-84.3876896"
La Grange,KY,Atlanta,Georgia,713.553,23798,"38.4075671,-85.37883010000002","33.7483341,-84.3876896"
Atlanta,Georgia,Monticello,GA,97.759,4076,"33.748444,-84.3876568","33.3048992,-83.68336939999999"
Lake City,FL,Atlanta,Georgia,462.164,14884,"30.1896726,-82.6394115","33.7483341,-84.3876896"
Lake Alfred,FL,Atlanta,Georgia,727.221,24151,"28.0918903,-81.7234114","33.7483341,-84.3876896"
Lake City,SC,Atlanta,Georgia,482.49,16456,"33.8709862,-79.75530359999999","33.7483341,-84.3876896"
Lebanon,TN,Atlanta,Georgia,401.002,13597,"36.2081634,-86.2910974","33.7483341,-84.3876896"
Lebanon,IN,Atlanta,Georgia,902.438,30093,"40.0483742,-86.46920899999999","33.7483341,-84.3876896"
Las Vegas,NV,Atlanta,Georgia,3158.459,102227,"36.17153820000001,-115.1390897","33.7483341,-84.3876896"
Laredo,TX,Atlanta,Georgia,1781.751,59254,"27.5035613,-99.5075519","33.7483341,-84.3876896"
Laurel,MD,Atlanta,Georgia,1063.189,36060,"39.0991025,-76.8483514","33.7483341,-84.3876896"
Apopka,FL,Atlanta,Georgia,704.46,22481,"28.6932935,-81.5317843","33.7483341,-84.3876896"
Lavonia,GA,Atlanta,Georgia,150.457,5312,"34.4359983,-83.1068544","33.7483341,-84.3876896"
HANOVER PARK,IL,Atlanta,Georgia,1198.337,40195,"41.9994816,-88.1450734","33.7483341,-84.3876896"
Hagerstown,MD,Atlanta,Georgia,1035.106,34956,"39.641846,-77.7199278","33.7483341,-84.3876896"
Halethorpe,MD,Atlanta,Georgia,1083.934,36558,"39.2402652,-76.6807572","33.7483341,-84.3876896"
Atlanta,Georgia,Talking Rock,GA,103.915,3773,"33.748444,-84.3876568","34.5093493,-84.50496040000002"
Atlanta,Georgia,Tallapoosa,GA,92.491,3336,"33.748444,-84.3876568","33.744553,-85.2881319"
Hackettstown,NJ,Atlanta,Georgia,1349.156,46286,"40.8540005,-74.82914459999999","33.7483341,-84.3876896"
Greer,SC,Atlanta,Georgia,255.97,9033,"34.93869,-82.2270834","33.7483341,-84.3876896"
Atlanta,Georgia,La Fayette,GA,161.943,6005,"33.748444,-84.3876568","34.704791,-85.2818176"
Haltom City,TX,Atlanta,Georgia,1306.988,42797,"32.799545,-97.2691697","33.7483341,-84.3876896"
Atlanta,Georgia,Peachtree Corners,GA,35.895,1491,"33.748444,-84.3876568","33.9698803,-84.2214707"
Harrisonburg,VA,Atlanta,Georgia,855.214,29105,"38.4495051,-78.8685893","33.7483341,-84.3876896"
Hattiesburg,MS,Atlanta,Georgia,605.008,20052,"31.3271196,-89.29034","33.7483341,-84.3876896"
Hamilton,NJ,Atlanta,Georgia,1314.246,44381,"40.211849,-74.6802303","33.7483341,-84.3876896"
Hammond,LA,Atlanta,Georgia,777.307,25053,"30.5043549,-90.4612148","33.7483341,-84.3876896"
Harrison,OH,Atlanta,Georgia,769.416,25501,"39.2536846,-84.79265269999999","33.7483341,-84.3876896"
Hannibal,MO,Atlanta,Georgia,1077.093,35838,"39.7085205,-91.3585356","33.7483341,-84.3876896"
Grandville,MI,Atlanta,Georgia,1259.51,42157,"42.909748,-85.76310360000001","33.7483341,-84.3876896"
Gloucester City,NJ,Atlanta,Georgia,1248.57,42362,"39.8921018,-75.1157085","33.7483341,-84.3876896"
Atlanta,Georgia,Cumming,GA,63.523,2503,"33.748444,-84.3876568","34.2074002,-84.1401798"
Godfrey,IL,Atlanta,Georgia,926.52,30493,"38.95492350000001,-90.1867852","33.7483341,-84.3876896"
Atlanta,Georgia,Locust Grove,GA,58.641,2289,"33.748444,-84.3876568","33.3459075,-84.1090785"
Goldsboro,NC,Atlanta,Georgia,694.966,23385,"35.3848069,-77.992798","33.7483341,-84.3876896"
Golden Valley,MN,Atlanta,Georgia,1823.893,59588,"44.9917378,-93.3601865","33.7483341,-84.3876896"
Goshen,IN,Atlanta,Georgia,1106.082,37861,"41.5891605,-85.83457039999999","33.7483341,-84.3876896"
Atlanta,Georgia,Chatsworth,GA,137.555,5329,"33.748444,-84.3876568","34.7659148,-84.76985839999999"
Granite City,IL,Atlanta,Georgia,893.132,29602,"38.7014669,-90.14872","33.7483341,-84.3876896"
Greenfield,IN,Atlanta,Georgia,862.987,29475,"39.7850486,-85.7692933","33.7483341,-84.3876896"
Greenville,SC,Atlanta,Georgia,233.711,8230,"34.852672,-82.3941676","33.7483341,-84.3876896"
Greencastle,PA,Atlanta,Georgia,1048.444,35265,"39.790288,-77.7278063","33.7483341,-84.3876896"
Idaho Falls,ID,Atlanta,Georgia,3135.949,104718,"43.49266069999999,-112.0407584","33.7483341,-84.3876896"
Hudsonville,MI,Atlanta,Georgia,1249.963,42011,"42.8708867,-85.8650358","33.7483341,-84.3876896"
Atlanta,Georgia,Milner,GA,91.652,3426,"33.748444,-84.3876568","33.1168002,-84.1967994"
Humboldt,TN,Atlanta,Georgia,614.969,20637,"35.8198429,-88.915892","33.7483341,-84.3876896"
Huger,SC,Atlanta,Georgia,504.875,18115,"33.09731550000001,-79.8039709","33.7483341,-84.3876896"
Houston,TX,Atlanta,Georgia,1275.887,41256,"29.76043,-95.3698084","33.7483341,-84.3876896"
Atlanta,Georgia,West Newnan,GA,63.755,2639,"33.748444,-84.3876568","33.3857238,-84.82809329999999"
Huntsville,AL,Atlanta,Georgia,289.673,11769,"34.7303342,-86.5860781","33.7483341,-84.3876896"
Atlanta,Georgia,Piedmont,AL,141.504,5693,"33.748444,-84.3876568","33.9245458,-85.61134249999999"
Huntley,IL,Atlanta,Georgia,1234.93,41501,"42.1680768,-88.42809899999999","33.7483341,-84.3876896"
Huntersville,NC,Atlanta,Georgia,403.467,14000,"35.4106736,-80.8429192","33.7483341,-84.3876896"
Atlanta,Georgia,Jackson,GA,80.392,3048,"33.748444,-84.3876568","33.2945957,-83.9658415"
Jackson,GA,Atlanta,Georgia,79.993,3038,"33.2945957,-83.9658415","33.7483341,-84.3876896"
Atlanta,Georgia,LAGRANGE,GA,107.826,3943,"33.748444,-84.3876568","33.0362454,-85.03223559999999"
Ashtabula,OH,Atlanta,Georgia,1225.458,40563,"41.8649971,-80.7898098","33.7483341,-84.3876896"
Iola,KS,Atlanta,Georgia,1328.542,46761,"37.9245033,-95.3999813","33.7483341,-84.3876896"
Atlanta,Georgia,Lanett,AL,134.664,4615,"33.748444,-84.3876568","32.8687664,-85.1905532"
Athens,GA,Atlanta,Georgia,115.673,4659,"33.9516408,-83.357899","33.7483341,-84.3876896"
Athens,TN,Atlanta,Georgia,257.338,8849,"35.4429298,-84.59302989999999","33.7483341,-84.3876896"
Henderson,NC,Atlanta,Georgia,678.667,22790,"36.3272562,-78.4026354","33.7483341,-84.3876896"
High Point,NC,Atlanta,Georgia,509.453,17539,"35.9556983,-80.0052711","33.7483341,-84.3876896"
Hickory,NC,Atlanta,Georgia,414.356,14409,"35.7344474,-81.3444639","33.7483341,-84.3876896"
Hazleton,PA,Atlanta,Georgia,1272.139,42982,"40.95836,-75.9744455","33.7483341,-84.3876896"
Hebron,KY,Atlanta,Georgia,732.812,24370,"39.0661352,-84.70319590000001","33.7483341,-84.3876896"
Hope Mills,NC,Atlanta,Georgia,591.486,19289,"34.9756922,-78.9507522","33.7483341,-84.3876896"
Horse Cave,KY,Atlanta,Georgia,553.035,18545,"37.179524,-85.90691230000002","33.7483341,-84.3876896"
Atlanta,Georgia,Reynolds,GA,158.529,5914,"33.748444,-84.3876568","32.5598683,-84.0961782"
Houston,MS,Atlanta,Georgia,477.365,16865,"33.8984923,-88.99922819999999","33.7483341,-84.3876896"
Hobart,IN,Atlanta,Georgia,1096.644,36834,"41.5322664,-87.2550143","33.7483341,-84.3876896"
Hillsville,VA,Atlanta,Georgia,563.017,19223,"36.7626288,-80.7347956","33.7483341,-84.3876896"
Holland,MI,Atlanta,Georgia,1226.375,41253,"42.7875234,-86.1089798","33.7483341,-84.3876896"
Port Wentworth,GA,Atlanta,Georgia,397.565,13343,"32.1490999,-81.1631252","33.7483341,-84.3876896"
Albany,GA,Atlanta,Georgia,292.42,10113,"31.5784599,-84.1557426","33.7483341,-84.3876896"
Atlanta,Georgia,Temple,GA,64.645,2465,"33.748444,-84.3876568","33.7369438,-85.03230640000001"
Richmond,VA,Atlanta,Georgia,855.897,28546,"37.5407485,-77.4360246","33.7483341,-84.3876896"
Prosperity,SC,Atlanta,Georgia,336.842,11835,"34.2092405,-81.5332435","33.7483341,-84.3876896"
Pottsville,PA,Atlanta,Georgia,1232.903,42011,"40.68563899999999,-76.1955134","33.7483341,-84.3876896"
Ontario,OH,Atlanta,Georgia,1019.248,33918,"40.7594095,-82.59001030000002","33.7483341,-84.3876896"
Opelika,AL,Atlanta,Georgia,163.597,5556,"32.6454268,-85.3782595","33.7483341,-84.3876896"
Atlanta,Georgia,Winterville,GA,123.978,5009,"33.748444,-84.3876568","33.9671328,-83.27828480000001"
Orangeburg,SC,Atlanta,Georgia,358.312,12620,"33.4918778,-80.8556837","33.7483341,-84.3876896"
Orlando,FL,Atlanta,Georgia,704.532,22378,"28.5383735,-81.3789473","33.7483341,-84.3876896"
Atlanta,Georgia,Warm Springs,GA,115.337,4595,"33.748444,-84.3876568","32.8903994,-84.6810941"
Orlando,KY,Atlanta,Georgia,531.012,17802,"37.37286599999999,-84.2679751","33.7483341,-84.3876896"
Albion,NY,Atlanta,Georgia,1519.127,50546,"43.2464494,-78.1937439","33.7483341,-84.3876896"
Albuquerque,NM,Atlanta,Georgia,2236.732,72628,"35.0843859,-106.650422","33.7483341,-84.3876896"
Olney,IL,Atlanta,Georgia,755.002,26445,"38.7308805,-88.085262","33.7483341,-84.3876896"
Pensacola,FL,Atlanta,Georgia,521.087,17561,"30.4213094,-87.216915","33.7483341,-84.3876896"
Pearl,MS,Atlanta,Georgia,605.363,19778,"32.2662289,-90.13435559999999","33.7483341,-84.3876896"
Phillipsburg,NJ,Atlanta,Georgia,1302.967,44224,"40.6939189,-75.190383","33.7483341,-84.3876896"
Perrysburg,OH,Atlanta,Georgia,1052.875,34755,"41.5572939,-83.6273607","33.7483341,-84.3876896"
Pasadena,TX,Atlanta,Georgia,1267.984,41294,"29.6910542,-95.2092859","33.7483341,-84.3876896"
Paris,IL,Atlanta,Georgia,840.802,29675,"39.6112117,-87.69613799999999","33.7483341,-84.3876896"
Abingdon,VA,Atlanta,Georgia,546.131,17975,"36.709823,-81.9773859","33.7483341,-84.3876896"
Springfield,MO,Atlanta,Georgia,1074.167,37849,"37.208666,-93.2922828","33.7483341,-84.3876896"
Spring Valley,IL,Atlanta,Georgia,1180.106,38775,"41.3275339,-89.1998735","33.7483341,-84.3876896"
Sturtevant,WI,Atlanta,Georgia,1271.041,42499,"42.6979566,-87.8945257","33.7483341,-84.3876896"
Atlanta,Georgia,East Point,GA,11.798,736,"33.748444,-84.3876568","33.6784293,-84.4397646"
Stone Mountain,GA,Atlanta,Georgia,31.771,1647,"33.8081709,-84.17019780000001","33.7483341,-84.3876896"
Social Circle,GA,Atlanta,Georgia,71.547,2611,"33.6560717,-83.7183549","33.7483341,-84.3876896"
Aberdeen,MD,Atlanta,Georgia,1143.313,38807,"39.50950479999999,-76.1641472","33.7483341,-84.3876896"
Aberdeen,ID,Atlanta,Georgia,3182.303,105118,"42.9440961,-112.8383268","33.7483341,-84.3876896"
Terre Haute,IN,Atlanta,Georgia,813.389,28479,"39.4668786,-87.4123888","33.7483341,-84.3876896"
Abilene,KS,Atlanta,Georgia,1527.974,50157,"38.9172215,-97.2139365","33.7483341,-84.3876896"
Atlanta,Georgia,The Rock,GA,111.05,4173,"33.748444,-84.3876568","32.9638753,-84.2411377"
Sussex,WI,Atlanta,Georgia,1335.572,44793,"43.13360429999999,-88.2095289","33.7483341,-84.3876896"
Tampa,FL,Atlanta,Georgia,734.038,23327,"27.9505229,-82.4571556","33.7483341,-84.3876896"
Tunkhannock,PA,Atlanta,Georgia,1357.326,46358,"41.5387215,-75.9466877","33.7483341,-84.3876896"
Tucker,GA,Atlanta,Georgia,31.651,1415,"33.8545869,-84.2173025","33.7483341,-84.3876896"
Union City,GA,Atlanta,Georgia,28.054,1454,"33.586784,-84.54244159999999","33.7483341,-84.3876896"
Atlanta,Georgia,Watkinsville,GA,110.932,4450,"33.748444,-84.3876568","33.8628155,-83.4089233"
Trenton,FL,Atlanta,Georgia,526.824,17296,"29.6133718,-82.8176208","33.7483341,-84.3876896"
Aberdeen,NC,Atlanta,Georgia,552.659,19859,"35.1314023,-79.4295854","33.7483341,-84.3876896"
SAINT GEORGE,UT,Atlanta,Georgia,3081.671,103127,"37.0965282,-113.5685582","33.7483341,-84.3876896"
Addison,IL,Atlanta,Georgia,1179.501,39606,"41.9316936,-87.9889604","33.7483341,-84.3876896"
Adel,GA,Atlanta,Georgia,327.062,10629,"31.1371562,-83.4234151","33.7483341,-84.3876896"
Robert,LA,Atlanta,Georgia,765.911,24523,"30.5057974,-90.3413392","33.7483341,-84.3876896"
Atlanta,Georgia,Senoia,GA,64.513,3173,"33.748444,-84.3876568","33.3023521,-84.5539653"
Rocky Mount,VA,Atlanta,Georgia,650.987,22638,"36.9976643,-79.8919274","33.7483341,-84.3876896"
San Antonio,TX,Atlanta,Georgia,1589.81,51758,"29.4251833,-98.4945944","33.7483341,-84.3876896"
Adams,MA,Atlanta,Georgia,1684.063,57764,"42.6249563,-73.1175035","33.7483341,-84.3876896"
Salina,KS,Atlanta,Georgia,1565.746,51409,"38.8402808,-97.61147070000001","33.7483341,-84.3876896"
Saint Louis,MO,Atlanta,Georgia,891.004,29426,"38.62688869999999,-90.1989143","33.7483341,-84.3876896"
Atlanta,Georgia,Calhoun,GA,110.743,4032,"33.748444,-84.3876568","34.5027877,-84.9510138"
Salt Lake City,UT,Atlanta,Georgia,3017.997,98862,"40.7607343,-111.8910685","33.7483341,-84.3876896"
Memphis,TN,Atlanta,Georgia,629.163,20692,"35.149665,-90.04892799999999","33.7483341,-84.3876896"
Altoona,PA,Atlanta,Georgia,1159.105,40216,"40.5184704,-78.39491799999999","33.7483341,-84.3876896"
Altoona,IA,Atlanta,Georgia,1427.113,48380,"41.6435509,-93.4750088","33.7483341,-84.3876896"
Mesquite,TX,Atlanta,Georgia,1238.497,40392,"32.766801,-96.5991641","33.7483341,-84.3876896"
Medley,FL,Atlanta,Georgia,1067.714,33860,"25.8407595,-80.3264401","33.7483341,-84.3876896"
Milwaukee,WI,Atlanta,Georgia,1307.36,43707,"43.0388982,-87.9065461","33.7483341,-84.3876896"
Minster,OH,Atlanta,Georgia,911.139,30257,"40.3930222,-84.37606079999999","33.7483341,-84.3876896"
Miami Gardens,FL,Atlanta,Georgia,1046.308,33157,"25.942046,-80.245447","33.7483341,-84.3876896"
Miami,FL,Atlanta,Georgia,1066.315,34092,"25.7617059,-80.1918211","33.7483341,-84.3876896"
Mexico,MO,Atlanta,Georgia,1080.172,35908,"39.17306130000001,-91.887271","33.7483341,-84.3876896"
Atlanta,Georgia,Pine Mountain Vall,GA,145.164,5111,"33.748444,-84.3876568","32.798803,-84.8233441"
Atlanta,Georgia,Milledgeville,GA,150.806,6113,"33.748444,-84.3876568","33.0801482,-83.2320708"
Milledgeville,GA,Atlanta,Georgia,151.063,6079,"33.0801482,-83.2320708","33.7483341,-84.3876896"
Mill Hall,PA,Atlanta,Georgia,1270.239,43924,"41.107265,-77.4847339","33.7483341,-84.3876896"
Midlothian,TX,Atlanta,Georgia,1292.823,41985,"32.4753253,-97.0103328","33.7483341,-84.3876896"
Magnolia,MS,Atlanta,Georgia,745.373,24374,"31.1432955,-90.45887979999999","33.7483341,-84.3876896"
Madison,AL,Atlanta,Georgia,306.041,12343,"34.6992583,-86.74838989999999","33.7483341,-84.3876896"
Manson,NC,Atlanta,Georgia,692.49,23122,"36.4217689,-78.2839192","33.7483341,-84.3876896"
Manchester,NH,Atlanta,Georgia,1792.553,61236,"42.9956258,-71.4547865","33.7483341,-84.3876896"
Lowville,NY,Atlanta,Georgia,1692.104,57376,"43.7867467,-75.4918539","33.7483341,-84.3876896"
Lynchburg,VA,Atlanta,Georgia,717.094,24866,"37.41368,-79.1421793","33.7483341,-84.3876896"
Maumee,OH,Atlanta,Georgia,1053.502,34897,"41.5628171,-83.65386529999999","33.7483341,-84.3876896"
Maspeth,NY,Atlanta,Georgia,1406.728,48278,"40.7294227,-73.9069389","33.7483341,-84.3876896"
Mason City,IA,Atlanta,Georgia,1567.783,52633,"43.1535728,-93.2010778","33.7483341,-84.3876896"
Ames,IA,Atlanta,Georgia,1486.437,50511,"42.0309416,-93.63184539999999","33.7483341,-84.3876896"
Atlanta,Georgia,Oxford,AL,141.748,4935,"33.748444,-84.3876568","33.614157,-85.8349763"
Atlanta,Georgia,Duluth,GA,44.145,2071,"33.748444,-84.3876568","34.0028319,-84.14460419999999"
Americus,GA,Atlanta,Georgia,221.08,8702,"32.072383,-84.2325978","33.7483341,-84.3876896"
Amherst,OH,Atlanta,Georgia,1105.412,37564,"41.3976622,-82.2223862","33.7483341,-84.3876896"
Marion,OH,Atlanta,Georgia,970.156,33180,"40.5886586,-83.1285233","33.7483341,-84.3876896"
Marietta,OH,Atlanta,Georgia,947.721,32599,"39.41528810000001,-81.4547789","33.7483341,-84.3876896"
Marysville,OH,Atlanta,Georgia,924.85,31294,"40.2364264,-83.3671458","33.7483341,-84.3876896"
Martinsburg,WV,Atlanta,Georgia,1002.156,33866,"39.4562202,-77.9638837","33.7483341,-84.3876896"
Maryville,TN,Atlanta,Georgia,338.27,11907,"35.7565703,-83.9706535","33.7483341,-84.3876896"
Newark,NJ,Atlanta,Georgia,1379.5,46828,"40.73565,-74.17237","33.7483341,-84.3876896"
Allentown,PA,Atlanta,Georgia,1278.183,43545,"40.6022939,-75.4714098","33.7483341,-84.3876896"
Atlanta,Georgia,Thomaston,GA,123.509,4800,"33.748444,-84.3876568","32.8879724,-84.3265823"
Nashville,TN,Atlanta,Georgia,399.369,13566,"36.162572,-86.7815431","33.7483341,-84.3876896"
Napoleon,OH,Atlanta,Georgia,1021.121,34644,"41.3922409,-84.1252023","33.7483341,-84.3876896"
New Hope,MN,Atlanta,Georgia,1831.101,60001,"45.0378236,-93.3866238","33.7483341,-84.3876896"
Atlanta,Georgia,Fairburn,GA,32.496,1477,"33.748444,-84.3876568","33.5671325,-84.5811126"
Alexandria,IN,Atlanta,Georgia,941.746,31896,"40.2628183,-85.6756626","33.7483341,-84.3876896"
Northlake,IL,Atlanta,Georgia,1176.104,39536,"41.91769250000001,-87.89563079999999","33.7483341,-84.3876896"
Ocala,FL,Atlanta,Georgia,586.114,18742,"29.1871626,-82.140092","33.7483341,-84.3876896"
Alcoa,TN,Atlanta,Georgia,348.121,11706,"35.7895125,-83.97374049999999","33.7483341,-84.3876896"
North Charleston,SC,Atlanta,Georgia,466.64,16361,"32.8771127,-80.0130559","33.7483341,-84.3876896"
Normal,IL,Atlanta,Georgia,1076.727,35668,"40.5142035,-88.99060899999999","33.7483341,-84.3876896"
Atlanta,Georgia,Dawsonville,GA,93.284,3706,"33.748444,-84.3876568","34.42111939999999,-84.1191398"
Alsip,IL,Atlanta,Georgia,1138.9,38088,"41.6689192,-87.7388057","33.7483341,-84.3876896"
Monticello,IN,Atlanta,Georgia,998.048,33837,"40.7453172,-86.76466920000001","33.7483341,-84.3876896"
Montpelier,OH,Atlanta,Georgia,1061.679,36643,"41.5846367,-84.6055106","33.7483341,-84.3876896"
Morton,MS,Atlanta,Georgia,561.038,18445,"32.3535335,-89.6540682","33.7483341,-84.3876896"
Morris,IL,Atlanta,Georgia,1140.22,38616,"41.3573992,-88.42118029999999","33.7483341,-84.3876896"
Monroe,LA,Atlanta,Georgia,801.33,26197,"32.5094118,-92.1193923","33.7483341,-84.3876896"
Monroe,OH,Atlanta,Georgia,787.717,26115,"39.4450517,-84.36104689999999","33.7483341,-84.3876896"
Murfreesboro,TN,Atlanta,Georgia,347.701,11973,"35.8456152,-86.3902102","33.7483341,-84.3876896"
Mount Sterling,IL,Atlanta,Georgia,1075.82,36536,"39.9871598,-90.763556","33.7483341,-84.3876896"
Glenville,NY,Atlanta,Georgia,1646.999,55795,"42.9292374,-74.0520727","33.7483341,-84.3876896"
Christiansburg,VA,Atlanta,Georgia,642.39,21911,"37.1297985,-80.40887239999999","33.7483341,-84.3876896"
Berlin,NJ,Atlanta,Georgia,1269.09,43533,"39.7911771,-74.9291121","33.7483341,-84.3876896"
Cicero,IL,Atlanta,Georgia,1164.21,39213,"41.845588,-87.7539242","33.7483341,-84.3876896"
Atlanta,Georgia,McIntyre,GA,177.571,6509,"33.748444,-84.3876568","32.8468205,-83.2017509"
Chicago Heights,IL,Atlanta,Georgia,1111.119,37903,"41.5061459,-87.63558599999999","33.7483341,-84.3876896"
Bessemer,AL,Atlanta,Georgia,259.354,8882,"33.4016941,-86.9542891","33.7483341,-84.3876896"
Chilhowie,VA,Atlanta,Georgia,574.793,18844,"36.7984898,-81.6822684","33.7483341,-84.3876896"
Clanton,AL,Atlanta,Georgia,307.091,10276,"32.8387103,-86.6294101","33.7483341,-84.3876896"
Claremont,NC,Atlanta,Georgia,410.785,14730,"35.7149021,-81.1457034","33.7483341,-84.3876896"
Bentonville,AR,Atlanta,Georgia,1168.101,38853,"36.372334,-94.21019729999999","33.7483341,-84.3876896"
Atlanta,Georgia,Fort Payne,AL,191.978,7755,"33.748444,-84.3876568","34.4442217,-85.7196362"
Clear Lake,MN,Atlanta,Georgia,1899.985,62145,"45.4466173,-93.99630959999999","33.7483341,-84.3876896"
Benson,NC,Atlanta,Georgia,649.574,21146,"35.382202,-78.54878959999999","33.7483341,-84.3876896"
Birmingham,AL,Atlanta,Georgia,236.373,8088,"33.5185892,-86.8103567","33.7483341,-84.3876896"
Bloomfield,KY,Atlanta,Georgia,664.98,22066,"37.9102408,-85.31710939999999","33.7483341,-84.3876896"
Chattanooga,TN,Atlanta,Georgia,189.843,6494,"35.045063,-85.3112252","33.7483341,-84.3876896"
Chester,SC,Atlanta,Georgia,364.349,13068,"34.704819,-81.214214","33.7483341,-84.3876896"
Cherry Hill,NJ,Atlanta,Georgia,1264.534,43087,"39.9264966,-75.024091","33.7483341,-84.3876896"
Chesapeake,VA,Atlanta,Georgia,909.449,31552,"36.7687508,-76.28716899999999","33.7483341,-84.3876896"
Bethlehem,PA,Atlanta,Georgia,1286.834,43648,"40.6259316,-75.37045429999999","33.7483341,-84.3876896"
Atlanta,Georgia,WHITE,GA,80.392,2888,"33.748444,-84.3876568","34.2828708,-84.7453482"
Atlanta,Georgia,Doraville,GA,24.423,1273,"33.748444,-84.3876568","33.8982864,-84.2831408"
Atlanta,Georgia,Ellijay,GA,125.751,4689,"33.748444,-84.3876568","34.6947608,-84.4820788"
Compton,CA,Atlanta,Georgia,3508.306,114482,"33.8959823,-118.220026","33.7483341,-84.3876896"
Bellevue,OH,Atlanta,Georgia,1077.28,36286,"41.2737292,-82.841647","33.7483341,-84.3876896"
Concord,NC,Atlanta,Georgia,428.122,15038,"35.4085848,-80.57932","33.7483341,-84.3876896"
Conklin,NY,Atlanta,Georgia,1421.686,47979,"42.034237,-75.8038395","33.7483341,-84.3876896"
Clearfield,UT,Atlanta,Georgia,3003.962,98523,"41.1108495,-112.0259915","33.7483341,-84.3876896"
Atlanta,Georgia,Shannon,GA,112.772,4313,"33.748444,-84.3876568","34.3431377,-85.07842629999999"
Columbus,OH,Atlanta,Georgia,912.764,30096,"39.9612075,-82.9977012","33.7483341,-84.3876896"
Beloit,WI,Atlanta,Georgia,1312.088,42968,"42.508322,-89.0317415","33.7483341,-84.3876896"
Belmont,NC,Atlanta,Georgia,373.309,13123,"35.2429142,-81.0372977","33.7483341,-84.3876896"
Cottonwood,AL,Atlanta,Georgia,355.49,12960,"31.04885719999999,-85.3050575","33.7483341,-84.3876896"
Cranbury,NJ,Atlanta,Georgia,1325.508,44875,"40.302425,-74.5113891","33.7483341,-84.3876896"
Countryside,IL,Atlanta,Georgia,1155.528,38725,"41.7659081,-87.879379","33.7483341,-84.3876896"
Cookeville,TN,Atlanta,Georgia,346.289,12221,"36.1628394,-85.5016484","33.7483341,-84.3876896"
Conroe,TX,Atlanta,Georgia,1281.288,42681,"30.3118767,-95.45601549999999","33.7483341,-84.3876896"
Conover,NC,Atlanta,Georgia,408.568,14450,"35.7065489,-81.21867019999999","33.7483341,-84.3876896"
Clinton,IA,Atlanta,Georgia,1294.896,43344,"41.8444977,-90.188738","33.7483341,-84.3876896"
Belvidere,IL,Atlanta,Georgia,1267.639,42547,"42.2639792,-88.8443406","33.7483341,-84.3876896"
Cocoa Beach,FL,Atlanta,Georgia,797.582,25877,"28.320213,-80.6082643","33.7483341,-84.3876896"
Clyde,OH,Atlanta,Georgia,1073.183,36310,"41.3040926,-82.97511449999999","33.7483341,-84.3876896"
Clearwater,FL,Atlanta,Georgia,769.233,25135,"27.9658538,-82.79996609999999","33.7483341,-84.3876896"
Atlanta,Georgia,Ringgold,GA,163.145,5563,"33.748444,-84.3876568","34.9160625,-85.1090412"
Bend,OR,Atlanta,Georgia,3999.295,132488,"44.0581845,-121.3152958","33.7483341,-84.3876896"
Cleveland,OH,Atlanta,Georgia,1140.945,37694,"41.4992477,-81.69450859999999","33.7483341,-84.3876896"
Atlanta,Georgia,Commerce,GA,110.759,4093,"33.748444,-84.3876568","34.2038647,-83.4571143"
Columbia City,IN,Atlanta,Georgia,1049.485,35447,"41.1572675,-85.4883904","33.7483341,-84.3876896"
College Park,GA,Atlanta,Georgia,16.559,890,"33.653393,-84.44936659999999","33.7483341,-84.3876896"
Columbia,MO,Atlanta,Georgia,1087.872,35961,"38.9517055,-92.3341287","33.7483341,-84.3876896"
Columbia,SC,Atlanta,Georgia,345.64,11561,"34.0008056,-81.0348554","33.7483341,-84.3876896"
Brookshire,TX,Atlanta,Georgia,1333.578,43449,"29.7859865,-95.95089279999999","33.7483341,-84.3876896"
Brookhaven,MS,Atlanta,Georgia,696.095,22934,"31.5791115,-90.440631","33.7483341,-84.3876896"
Brundidge,AL,Atlanta,Georgia,293.107,10685,"31.7201934,-85.8160568","33.7483341,-84.3876896"
Brownsville,TN,Atlanta,Georgia,632.955,21155,"35.5940405,-89.262196","33.7483341,-84.3876896"
Bridgewater,MA,Atlanta,Georgia,1740.043,59652,"41.9903548,-70.9750607","33.7483341,-84.3876896"
Bridgeview,IL,Atlanta,Georgia,1155.307,38688,"41.7498094,-87.80421129999999","33.7483341,-84.3876896"
Broken Bow,OK,Atlanta,Georgia,1097.304,38254,"34.0293824,-94.7390298","33.7483341,-84.3876896"
Broadview,IL,Atlanta,Georgia,1174.189,39309,"41.8640392,-87.8533964","33.7483341,-84.3876896"
Brighton,MI,Atlanta,Georgia,1172.407,38595,"42.5294658,-83.7802607","33.7483341,-84.3876896"
Atlanta,Georgia,Fairmount,GA,98.989,3689,"33.748444,-84.3876568","34.4358735,-84.70000019999999"
Bristol,TN,Atlanta,Georgia,523.01,17386,"36.5951437,-82.18874249999999","33.7483341,-84.3876896"
Burnsville,MN,Atlanta,Georgia,1766.513,58884,"44.7677425,-93.2776598","33.7483341,-84.3876896"
Atlanta,Georgia,Mableton,GA,23.861,1287,"33.748444,-84.3876568","33.8189284,-84.5824507"
Buena Vista,VA,Atlanta,Georgia,767.17,26204,"37.7343542,-79.3538988","33.7483341,-84.3876896"
Buckhannon,WV,Atlanta,Georgia,917.232,31935,"38.993977,-80.2320683","33.7483341,-84.3876896"
Burgaw,NC,Atlanta,Georgia,682.775,22609,"34.5522432,-77.9255692","33.7483341,-84.3876896"
Buford,GA,Atlanta,Georgia,61.774,2591,"34.1206655,-84.00435879999999","33.7483341,-84.3876896"
Atlanta,Georgia,Chamblee,GA,22.19,1318,"33.748444,-84.3876568","33.8920376,-84.2988013"
Bonham,TX,Atlanta,Georgia,1273.312,42491,"33.5773239,-96.1782077","33.7483341,-84.3876896"
Breaux Bridge,LA,Atlanta,Georgia,918.521,29763,"30.2735706,-91.89925","33.7483341,-84.3876896"
Atlanta,Georgia,Dallas,GA,51.891,2718,"33.748444,-84.3876568","33.9244547,-84.8413004"
Bourbonnais,IL,Atlanta,Georgia,1126.825,37035,"41.1758795,-87.879522","33.7483341,-84.3876896"
Bowling Green,KY,Atlanta,Georgia,499.013,16834,"36.9685222,-86.4808047","33.7483341,-84.3876896"
Booneville,MS,Atlanta,Georgia,493.995,16501,"34.6581423,-88.56670369999999","33.7483341,-84.3876896"
Boynton Beach,FL,Atlanta,Georgia,981.475,31089,"26.5317359,-80.0905461","33.7483341,-84.3876896"
Bowling Green,OH,Atlanta,Georgia,1033.395,34198,"41.3748825,-83.6513192","33.7483341,-84.3876896"
Brandon,MS,Atlanta,Georgia,592.532,19365,"32.2788231,-90.0014277","33.7483341,-84.3876896"
Bloomington,MN,Atlanta,Georgia,1773.003,59018,"44.8407503,-93.2982804","33.7483341,-84.3876896"
Cedar Rapids,IA,Atlanta,Georgia,1346.258,44941,"41.977828,-91.66556910000001","33.7483341,-84.3876896"
Cedartown,GA,Atlanta,Georgia,116.088,4473,"34.0112392,-85.25658229999999","33.7483341,-84.3876896"
Carthage,MO,Atlanta,Georgia,1157.92,40432,"37.176423,-94.30973759999999","33.7483341,-84.3876896"
Cartersville,GA,Atlanta,Georgia,69.234,2748,"34.1652971,-84.7999315","33.7483341,-84.3876896"
Charlotte,NC,Atlanta,Georgia,392.511,13834,"35.2271328,-80.8431751","33.7483341,-84.3876896"
Atlanta,Georgia,Gordon,GA,165.523,5947,"33.748444,-84.3876568","32.8822584,-83.3323875"
Charlestown,IN,Atlanta,Georgia,702.634,23614,"38.4530844,-85.67021179999999","33.7483341,-84.3876896"
Bloomfield,MO,Atlanta,Georgia,743.685,25626,"36.8859107,-89.9292552","33.7483341,-84.3876896"
Chatham,VA,Atlanta,Georgia,637.252,21695,"36.8257519,-79.3980941","33.7483341,-84.3876896"
Charlottesville,VA,Atlanta,Georgia,822.571,28591,"38.0295309,-78.4765661","33.7483341,-84.3876896"
Champaign,IL,Atlanta,Georgia,999.774,32955,"40.1163076,-88.2433815","33.7483341,-84.3876896"
Chambersburg,PA,Atlanta,Georgia,1066.214,36036,"39.9375789,-77.6611604","33.7483341,-84.3876896"
Campbell,NY,Atlanta,Georgia,1412.499,48423,"42.23289700000001,-77.1969259","33.7483341,-84.3876896"
Atlanta,Georgia,Lafayette,AL,153.955,5506,"33.748444,-84.3876568","32.8998001,-85.4011594"
Cambridge,OH,Atlanta,Georgia,1036.63,34388,"40.0310499,-81.5884615","33.7483341,-84.3876896"
COLONIAL HEIGHTS,VA,Atlanta,Georgia,821.031,27510,"37.2441214,-77.4102793","33.7483341,-84.3876896"
Bluffton,IN,Atlanta,Georgia,1010.273,34154,"40.7387093,-85.17163769999999","33.7483341,-84.3876896"
Carlsbad,NM,Atlanta,Georgia,1993.344,65590,"32.4203315,-104.2289925","33.7483341,-84.3876896"
Canton,OH,Atlanta,Georgia,1117.218,37147,"40.7989376,-81.3783986","33.7483341,-84.3876896"
Canton,NC,Atlanta,Georgia,287.65,11126,"35.5328699,-82.8373797","33.7483341,-84.3876896"
Flemington,NJ,Atlanta,Georgia,1329.821,45679,"40.512417,-74.85934139999999","33.7483341,-84.3876896"
Flint,MI,Atlanta,Georgia,1229.391,40362,"43.01268,-83.687586","33.7483341,-84.3876896"
Atlanta,Georgia,Jonesboro,GA,27.548,1472,"33.748444,-84.3876568","33.5213614,-84.35381629999999"
BENSENVILLE,IL,Atlanta,Georgia,1179.345,39669,"41.9551673,-87.9400046","33.7483341,-84.3876896"
Fernandina Beach,FL,Atlanta,Georgia,576.624,19182,"30.6698693,-81.4625521","33.7483341,-84.3876896"
Forest View,IL,Atlanta,Georgia,1163.08,39014,"41.8086318,-87.7933892","33.7483341,-84.3876896"
Fort Atkinson,WI,Atlanta,Georgia,1364.154,44713,"42.9288945,-88.8370273","33.7483341,-84.3876896"
Forest Park,IL,Atlanta,Georgia,1177.207,39397,"41.8794714,-87.81367","33.7483341,-84.3876896"
Fort Smith,AR,Atlanta,Georgia,1075.528,35700,"35.3843818,-94.42095479999999","33.7483341,-84.3876896"
Fort Madison,IA,Atlanta,Georgia,1197.291,40586,"40.6300373,-91.3145289","33.7483341,-84.3876896"
Flower Mound,TX,Atlanta,Georgia,1300.577,42688,"33.0144745,-97.09695649999999","33.7483341,-84.3876896"
Atlanta,Georgia,Woodstock,GA,48.93,1977,"33.748444,-84.3876568","34.1014818,-84.51934059999999"
Florence,SC,Atlanta,Georgia,470.855,15505,"34.1953531,-79.7625561","33.7483341,-84.3876896"
Fogelsville,PA,Atlanta,Georgia,1262.238,42610,"40.58324349999999,-75.6326194","33.7483341,-84.3876896"
Atlanta,Georgia,Fort Valley,GA,166.828,5849,"33.748444,-84.3876568","32.5538809,-83.8874071"
BATTLEBORO,NC,Atlanta,Georgia,761.993,24734,"36.0487548,-77.7487191","33.7483341,-84.3876896"
Forest City,NC,Atlanta,Georgia,343.557,11834,"35.3339878,-81.8649985","33.7483341,-84.3876896"
Enterprise,AL,Atlanta,Georgia,365.845,12892,"31.3150911,-85.8551462","33.7483341,-84.3876896"
Ennis,TX,Atlanta,Georgia,1255.703,41437,"32.3291365,-96.62565260000001","33.7483341,-84.3876896"
Atlanta,Georgia,Greensboro,GA,122.401,4255,"33.748444,-84.3876568","33.5754943,-83.1824012"
Ellenwood,GA,Atlanta,Georgia,23.459,1324,"33.6097896,-84.28730120000002","33.7483341,-84.3876896"
Elwood,IL,Atlanta,Georgia,1156.817,38516,"41.40392,-88.1116784","33.7483341,-84.3876896"
BUCHANNON,WV,Atlanta,Georgia,917.232,31935,"38.993977,-80.2320683","33.7483341,-84.3876896"
Erlanger,KY,Atlanta,Georgia,728.458,24039,"39.0166635,-84.6007379","33.7483341,-84.3876896"
Evansville,IN,Atlanta,Georgia,638.35,21382,"37.9715593,-87.5710751","33.7483341,-84.3876896"
GRAYSLAKE,IL,Atlanta,Georgia,1235.8,41537,"42.3443227,-88.04174549999999","33.7483341,-84.3876896"
Gadsden,AL,Atlanta,Georgia,190.865,7219,"34.0141891,-86.0064795","33.7483341,-84.3876896"
Galax,VA,Atlanta,Georgia,557.66,19352,"36.6611132,-80.9239106","33.7483341,-84.3876896"
Gainesville,FL,Atlanta,Georgia,539.155,17470,"29.6515688,-82.3250027","33.7483341,-84.3876896"
Gaffney,SC,Atlanta,Georgia,309.524,10873,"35.071922,-81.650159","33.7483341,-84.3876896"
Gainesville,GA,Atlanta,Georgia,87.81,3243,"34.297884,-83.8240575","33.7483341,-84.3876896"
GLENDALE HEIGHTS,IL,Atlanta,Georgia,1190.501,39920,"41.9175173,-88.0813785","33.7483341,-84.3876896"
Geneva,IL,Atlanta,Georgia,1212.552,41005,"41.8926161,-88.3288709","33.7483341,-84.3876896"
Garland,TX,Atlanta,Georgia,1255.305,41249,"32.9126917,-96.63886099999999","33.7483341,-84.3876896"
Garyville,LA,Atlanta,Georgia,810.403,26539,"30.056028,-90.61932519999999","33.7483341,-84.3876896"
Garysburg,NC,Atlanta,Georgia,809.5,26149,"36.4509354,-77.5586123","33.7483341,-84.3876896"
Fort Worth,TX,Atlanta,Georgia,1312.839,42738,"32.7554853,-97.33077229999999","33.7483341,-84.3876896"
Austin,IN,Atlanta,Georgia,732.858,24402,"38.7415277,-85.8059014","33.7483341,-84.3876896"
Avenel,NJ,Atlanta,Georgia,1361.029,45891,"40.5803997,-74.2851313","33.7483341,-84.3876896"
Avon,IN,Atlanta,Georgia,880.323,29757,"39.7628385,-86.39971709999999","33.7483341,-84.3876896"
Freeport,TX,Atlanta,Georgia,1370.332,44547,"28.95413,-95.3596745","33.7483341,-84.3876896"
Fremont,MI,Atlanta,Georgia,1322.097,45219,"43.4675175,-85.9416971","33.7483341,-84.3876896"
Fraziers Bottom,WV,Atlanta,Georgia,842.023,28241,"38.5705859,-81.99076920000002","33.7483341,-84.3876896"
Fredonia,NY,Atlanta,Georgia,1372.029,45342,"42.4401461,-79.33159309999999","33.7483341,-84.3876896"
Fredericksburg,VA,Atlanta,Georgia,950.123,31814,"38.30317,-77.46057429999999","33.7483341,-84.3876896"
Franklin,IN,Atlanta,Georgia,822.127,27490,"39.480562,-86.0549838","33.7483341,-84.3876896"
Decatur,AL,Atlanta,Georgia,373.912,12509,"34.6057804,-86.9835059","33.7483341,-84.3876896"
Atlanta,Georgia,Zebulon,GA,77.504,3843,"33.748444,-84.3876568","33.1023453,-84.34270769999999"
Deerfield Beach,FL,Atlanta,Georgia,1005.853,31801,"26.3184571,-80.0997605","33.7483341,-84.3876896"
Decatur,MI,Atlanta,Georgia,1161.391,39647,"42.1081128,-85.9744302","33.7483341,-84.3876896"
Defuniak Springs,FL,Atlanta,Georgia,442.817,16026,"30.7210675,-86.11521669999999","33.7483341,-84.3876896"
Bay Springs,MS,Atlanta,Georgia,544.467,18161,"31.9790777,-89.2868791","33.7483341,-84.3876896"
Dayton,OH,Atlanta,Georgia,826.312,27495,"39.7590792,-84.1906818","33.7483341,-84.3876896"
Dayton,NJ,Atlanta,Georgia,1331.923,45098,"40.3725668,-74.51012209999999","33.7483341,-84.3876896"
De Queen,AR,Atlanta,Georgia,1059.956,36795,"34.0367833,-94.3414856","33.7483341,-84.3876896"
De Ridder,LA,Atlanta,Georgia,1030.275,36121,"30.8463053,-93.2890388","33.7483341,-84.3876896"
Atlanta,Georgia,Lula,GA,106.153,3760,"33.748444,-84.3876568","34.3878608,-83.6664991"
Bedford,PA,Atlanta,Georgia,1096.786,38051,"40.0186955,-78.50378839999999","33.7483341,-84.3876896"
Delray Beach,FL,Atlanta,Georgia,988.722,31237,"26.4616496,-80.0728223","33.7483341,-84.3876896"
Beaver Falls,PA,Atlanta,Georgia,1144.862,39574,"40.7519808,-80.31922999999999","33.7483341,-84.3876896"
Delaware,OH,Atlanta,Georgia,951.308,31887,"40.2987889,-83.06795559999999","33.7483341,-84.3876896"
Delphos,OH,Atlanta,Georgia,962.433,32254,"40.8433831,-84.3416725","33.7483341,-84.3876896"
Beaver Dam,WI,Atlanta,Georgia,1446.423,47192,"43.4577742,-88.8369439","33.7483341,-84.3876896"
DORAL,FL,Atlanta,Georgia,1072.692,34253,"25.819691,-80.355278","33.7483341,-84.3876896"
DE Land,FL,Atlanta,Georgia,677.3,22900,"29.02806499999999,-81.3031151","33.7483341,-84.3876896"
Atlanta,Georgia,Decatur,GA,10.014,1109,"33.748444,-84.3876568","33.7749705,-84.2960602"
Cumberland,MD,Atlanta,Georgia,1061.749,36822,"39.6530214,-78.76262919999999","33.7483341,-84.3876896"
Danville,IL,Atlanta,Georgia,901.218,31977,"40.1244451,-87.62998180000001","33.7483341,-84.3876896"
Davenport,IA,Atlanta,Georgia,1266.426,42105,"41.5235339,-90.57763609999999","33.7483341,-84.3876896"
Daphne,AL,Atlanta,Georgia,524.341,17465,"30.6036177,-87.9036069","33.7483341,-84.3876896"
Atlanta,Georgia,Manchester,GA,122.408,4978,"33.748444,-84.3876568","32.8600292,-84.6199274"
Atlanta,Georgia,Lilburn,GA,38.293,1810,"33.748444,-84.3876568","33.8900895,-84.14294319999999"
Dalton,GA,Atlanta,Georgia,143.696,5125,"34.7698038,-84.9702951","33.7483341,-84.3876896"
Effingham,IL,Atlanta,Georgia,874.253,28862,"39.1200107,-88.543382","33.7483341,-84.3876896"
Batavia,NY,Atlanta,Georgia,1495.531,49470,"42.9981235,-78.1874921","33.7483341,-84.3876896"
Edgerton,KS,Atlanta,Georgia,1343.19,44261,"38.7649121,-95.00801969999999","33.7483341,-84.3876896"
Elkhart,IN,Atlanta,Georgia,1110.165,37659,"41.6873634,-85.97353","33.7483341,-84.3876896"
Bardstown,KY,Atlanta,Georgia,643.083,21391,"37.8092906,-85.4671108","33.7483341,-84.3876896"
Elgin,IL,Atlanta,Georgia,1209.774,40964,"42.0354108,-88.2825641","33.7483341,-84.3876896"
Elk Grove Village,IL,Atlanta,Georgia,1186.585,39972,"42.0039178,-87.9703483","33.7483341,-84.3876896"
Dubuque,IA,Atlanta,Georgia,1379.145,45774,"42.50634030000001,-90.6677339","33.7483341,-84.3876896"
Dublin,GA,Atlanta,Georgia,218.517,7551,"32.5406023,-82.90382369999999","33.7483341,-84.3876896"
Du Bois,PA,Atlanta,Georgia,1218.749,43958,"41.1211204,-78.75823439999999","33.7483341,-84.3876896"
Dunn,NC,Atlanta,Georgia,639.445,20760,"35.3062348,-78.608937","33.7483341,-84.3876896"
Baton Rouge,LA,Atlanta,Georgia,847.037,27149,"30.4488164,-91.1873488","33.7483341,-84.3876896"
Dixfield,ME,Atlanta,Georgia,2003.944,68884,"44.5314519,-70.4567248","33.7483341,-84.3876896"
Disputanta,VA,Atlanta,Georgia,836.521,28039,"37.1243294,-77.2263766","33.7483341,-84.3876896"
Dillon,SC,Atlanta,Georgia,511.204,16662,"34.4165478,-79.37115299999999","33.7483341,-84.3876896"
Bay Minette,AL,Atlanta,Georgia,484.155,15673,"30.8830537,-87.7727847","33.7483341,-84.3876896"
Downey,CA,Atlanta,Georgia,3497.321,114030,"33.9400681,-118.1331918","33.7483341,-84.3876896"
Douglas,GA,Atlanta,Georgia,318.646,11762,"31.5088802,-82.8498621","33.7483341,-84.3876896"
Eau Claire,MI,Atlanta,Georgia,1129.717,38192,"41.9853523,-86.2997362","33.7483341,-84.3876896"
East Brunswick,NJ,Atlanta,Georgia,1339.877,45709,"40.4317437,-74.40520939999999","33.7483341,-84.3876896"
Batesville,IN,Atlanta,Georgia,812.5,26739,"39.3001525,-85.22241720000001","33.7483341,-84.3876896"
